attribute;with_tag;total;pct;km_with_tag;km_total;pct_by_km
crossing.audio_signal;1;2102;0.0;0.0;40.5;0.0
crossing.crossing_type;1903;2102;90.5;36.0;40.5;89.0
crossing.kerb;0;2102;0.0;0.0;40.5;0.0
crossing.markings;1895;2102;90.2;35.6;40.5;88.0
crossing.tactile_paving;1;2102;0.0;0.0;40.5;0.0
footway.lit;208;7783;2.7;24.3;763.5;3.2
footway.smoothness;11;7783;0.1;1.5;763.5;0.2
footway.surface;547;7783;7.0;83.5;763.5;10.9
footway.tactile_paving;6;7783;0.1;0.4;763.5;0.1
footway.wheelchair;0;7783;0.0;0.0;763.5;0.0
footway.width;4;7783;0.1;0.2;763.5;0.0
living_street.lit;0;96;0.0;0.0;41.1;0.0
living_street.smoothness;0;96;0.0;0.0;41.1;0.0
living_street.surface;86;96;89.6;39.8;41.1;96.9
living_street.tactile_paving;0;96;0.0;0.0;41.1;0.0
living_street.wheelchair;0;96;0.0;0.0;41.1;0.0
living_street.width;0;96;0.0;0.0;41.1;0.0
path.lit;0;284;0.0;0.0;25.3;0.0
path.smoothness;0;284;0.0;0.0;25.3;0.0
path.surface;24;284;8.5;2.1;25.3;8.3
path.tactile_paving;0;284;0.0;0.0;25.3;0.0
path.wheelchair;0;284;0.0;0.0;25.3;0.0
path.width;0;284;0.0;0.0;25.3;0.0
pedestrian_zone.lit;8;80;10.0;1.3;10.8;11.8
pedestrian_zone.smoothness;0;80;0.0;0.0;10.8;0.0
pedestrian_zone.surface;9;80;11.2;1.5;10.8;13.6
pedestrian_zone.tactile_paving;0;80;0.0;0.0;10.8;0.0
pedestrian_zone.wheelchair;0;80;0.0;0.0;10.8;0.0
pedestrian_zone.width;0;80;0.0;0.0;10.8;0.0
road.lit;342;21285;1.6;96.7;4262.1;2.3
road.sidewalk;847;21285;4.0;160.2;4262.1;3.8
road.surface;3411;21285;16.0;997.1;4262.1;23.4
sidewalk.lit;231;2422;9.5;40.0;324.0;12.3
sidewalk.smoothness;4;2422;0.2;1.9;324.0;0.6
sidewalk.surface;366;2422;15.1;68.1;324.0;21.0
sidewalk.tactile_paving;1;2422;0.0;0.0;324.0;0.0
sidewalk.wheelchair;0;2422;0.0;0.0;324.0;0.0
sidewalk.width;1;2422;0.0;0.3;324.0;0.1
steps.handrail;24;252;9.5;0.3;4.0;7.4
steps.incline;31;252;12.3;0.4;4.0;9.6
steps.lit;6;252;2.4;0.1;4.0;2.3
steps.step_count;4;252;1.6;0.0;4.0;0.9
steps.tactile_paving;0;252;0.0;0.0;4.0;0.0
crossing_node.audio_signal;172;3472;5.0;;;
crossing_node.kerb;20;3472;0.6;;;
crossing_node.markings;977;3472;28.1;;;
crossing_node.tactile_paving;2;3472;0.1;;;
crossing_nodes;3472;3472;100.0;;;
